Generation,Min,Average,Max

1,1.666494,4.901393,15.16582

