Generation,Min,Average,Max

1,0.07803392,0.07804269,0.078053

2,0.07802925,0.07803974,0.07806587

3,0.07803588,0.0780426,0.07807732

4,0.07803726,0.07804259,0.07805634

5,0.07803441,0.07804352,0.07807446

